P001,MieInstan,Makanan
P002,Telur,Makanan
P003,SausSambal,Bumbu
P004,KopiBubuk,Minuman
P005,GulaPasir,Sembako
P006,SusuCair,Minuman
P007,RotiTawar,Makanan
P008,SabunMandi,Kebersihan
P009,ShampoRambut,Kebersihan
P010,BerasPutih,Sembako
P011,MinyakGoreng,Sembako
P012,TehCelup,Minuman
P013,BiskuitKaleng,Makanan
P014,PastaGigi,Kebersihan
P015,MieKuah,Makanan
P016,GaramHalus,Bumbu
P017,KecapManis,Bumbu
P018,TepungTerigu,Sembako
P019,MentegaKrim,Sembako
P020,KerupukUdang,Snack
P021,AirMineral,Minuman
P022,SusuBubuk,Minuman
P023,KopiSachet,Minuman
P024,TehKotak,Minuman
P025,JusBuah,Minuman
P026,MinumanSoda,Minuman
P027,SirupBuah,Minuman
P028,MinumanIsotonik,Minuman
P029,SusuKedelai,Minuman
P030,YogurtCup,Minuman
P031,NasiBox,Makanan
P032,MieGoreng,Makanan
P033,RotiIsi,Makanan
P034,Sarden,Makanan
P035,KornedSapi,Makanan
P036,IkanKaleng,Makanan
P037,SelaiKacang,Makanan
P038,SelaiStroberi,Makanan
P039,SerealSarapan,Makanan
P040,OatmealInstan,Makanan
P041,BubukCokelat,Makanan
P042,KelapaParut,Makanan
P043,KacangTanah,Makanan
P044,KacangHijau,Makanan
P045,KacangMerah,Makanan
P046,Makaroni,Makanan
P047,SpagetiKering,Makanan
P048,MaduMurni,Makanan
P049,KeripikSingkong,Snack
P050,KeripikKentang,Snack
P051,KeripikPisang,Snack
P052,KacangGoreng,Snack
P053,PopcornInstan,Snack
P054,WaferCokelat,Snack
P055,PermenSusu,Snack
P056,CoklatBatang,Snack
P057,Marshmallow,Snack
P058,PuddingInstan,Snack
P059,JellyInstan,Snack
P060,RotiKering,Snack
P061,KueKering,Snack
P062,DodolTradi,Snack
P063,KrupukMentah,Snack
P064,EmpeekMlijo,Snack
P065,StickKeju,Snack
P066,Granola,Snack
P067,TrailMix,Snack
P068,KacangAtom,Snack
P069,KacangBawang,Snack
P070,RumputLaut,Snack
P071,GulaMerah,Sembako
P072,BerasKetan,Sembako
P073,JagungPipil,Sembako
P074,TepungBeras,Sembako
P075,TepungMaizena,Sembako
P076,TepungKanji,Sembako
P077,TepungPanir,Sembako
P078,MinyakWijen,Sembako
P079,MinyakZaitun,Sembako
P080,MinyakKelapa,Sembako
P081,SantanKelapa,Sembako
P082,BihunKering,Sembako
P083,SohunKering,Sembako
P084,KwetiawKering,Sembako
P085,BerasJagung,Sembako
P086,BerasMerah,Sembako
P087,BerasHitam,Sembako
P088,UbiKayu,Sembako
P089,KentangSegar,Sembako
P090,BawangMerah,Sembako
P091,BawangPutih,Sembako
P092,CabaiMerah,Sembako
P093,CabaiRawit,Sembako
P094,JaheSeruk,Sembako
P095,KunyitBubuk,Sembako
P096,LadaBubuk,Bumbu
P097,KetumbarBubuk,Bumbu
P098,PalaBubuk,Bumbu
P099,KayuManis,Bumbu
P100,CengkehUtuh,Bumbu
P101,DaunSalam,Bumbu
P102,SerehSegar,Bumbu
P103,SausTiram,Bumbu
P104,SausBBQ,Bumbu
P105,SausTomat,Bumbu
P106,CukaAsam,Bumbu
P107,SantenInstan,Bumbu
P108,KalduAyam,Bumbu
P109,KalduSapi,Bumbu
P110,KalduJamur,Bumbu
P111,BumbuGulai,Bumbu
P112,BumbuRendang,Bumbu
P113,BumbuSoto,Bumbu
P114,BumbuNasiGoreng,Bumbu
P115,BumbuOpor,Bumbu
P116,BumbuRawon,Bumbu
P117,BumbuBalado,Bumbu
P118,BumbuPecel,Bumbu
P119,BumbuSateAyam,Bumbu
P120,SambalOelek,Bumbu
P121,SabunCuciPiring,Kebersihan
P122,SabunCuciTangan,Kebersihan
P123,SabunBatang,Kebersihan
P124,SabunCairMandi,Kebersihan
P125,DeterjenBubuk,Kebersihan
P126,DeterjenCair,Kebersihan
P127,PelicLantai,Kebersihan
P128,PembersiKaca,Kebersihan
P129,PemutihPakaian,Kebersihan
P130,PelembutPakaian,Kebersihan
P131,KaburPembersih,Kebersihan
P132,KarbolLantai,Kebersihan
P133,PembersiToilet,Kebersihan
P134,PengharumRuang,Kebersihan
P135,KamperPewangi,Kebersihan
P136,TissuBasah,Kebersihan
P137,TissuKering,Kebersihan
P138,KapasWajah,Kebersihan
P139,SikatGigi,Kebersihan
P140,ObatKumur,Kebersihan
P141,BenangGigi,Kebersihan
P142,DeodoranStick,Kebersihan
P143,HandSanitizer,Kebersihan
P144,SabunAntiseptik,Kebersihan
P145,PembersiMuka,Kebersihan
P146,NuggetAyam,Frozen
P147,SosisAyam,Frozen
P148,SosisSapi,Frozen
P149,BaksoSapi,Frozen
P150,BaksoIkan,Frozen
P151,OtakOtakIkan,Frozen
P152,DimSumFrozen,Frozen
P153,KentangBeku,Frozen
P154,JagungBeku,Frozen
P155,EdamameKupas,Frozen
P156,UdangBeku,Frozen
P157,FiletIkan,Frozen
P158,AyamPotong,Frozen
P159,DagingGiling,Frozen
P160,PizzaMini,Frozen
P161,RotiBun,Frozen
P162,RotiSobek,Frozen
P163,PaoIsi,Frozen
P164,LumpiaBeku,Frozen
P165,RisolesBeku,Frozen
P166,SusuFormula,KebutuhanBayi
P167,MakananBayi,KebutuhanBayi
P168,BiskuitBayi,KebutuhanBayi
P169,BubukSerealBayi,KebutuhanBayi
P170,MinyakTelon,KebutuhanBayi
P171,BedakBayi,KebutuhanBayi
P172,SabunBayi,KebutuhanBayi
P173,ShampoBayi,KebutuhanBayi
P174,LosionBayi,KebutuhanBayi
P175,TissuBayi,KebutuhanBayi
P176,PopokBayi,KebutuhanBayi
P177,BotolSusu,KebutuhanBayi
P178,DotBayi,KebutuhanBayi
P179,KrimRuamBayi,KebutuhanBayi
P180,MinyakKayuPutih,KebutuhanBayi
P181,ObatDemam,Kesehatan
P182,ObatBatuk,Kesehatan
P183,ObatFlu,Kesehatan
P184,ObatMaag,Kesehatan
P185,ObatDiare,Kesehatan
P186,ObatSakitKepala,Kesehatan
P187,VitaminC,Kesehatan
P188,VitaminD,Kesehatan
P189,Multivitamin,Kesehatan
P190,MinyakAngin,Kesehatan
P191,BalsemGosok,Kesehatan
P192,PlesterLuka,Kesehatan
P193,KasaSteril,Kesehatan
P194,MaskerMedis,Kesehatan
P195,SarungTanganLatex,Kesehatan
P196,AlkoholSwab,Kesehatan
P197,Betadine,Kesehatan
P198,OralitBubuk,Kesehatan
P199,TesKehamilan,Kesehatan
P200,Termometer,Kesehatan
P201,SaputanganKertas,Peralatan
P202,KantongPlastik,Peralatan
P203,WrapPlastik,Peralatan
P204,AluminiumFoil,Peralatan
P205,KertasMinyak,Peralatan
P206,KantongSampah,Peralatan
P207,SponBuatPiring,Peralatan
P208,SikatLantai,Peralatan
P209,SapuIjuk,Peralatan
P210,PengkiSampah,Peralatan
P211,KainPel,Peralatan
P212,SerokGoreng,Peralatan
P213,SendetanMakan,Peralatan
P214,PiringMelamin,Peralatan
P215,GelasPlastik,Peralatan
P216,MangkokPlastik,Peralatan
P217,TupperwareBox,Peralatan
P218,BotolMinum,Peralatan
P219,TermosPanas,Peralatan
P220,KorekApi,Peralatan
P221,Lilin,Peralatan
P222,TaliRafia,Peralatan
P223,IsolasiPlastik,Peralatan
P224,GuntiKecil,Peralatan
P225,PisoLipat,Peralatan
P226,SetrikanMini,Peralatan
P227,JemuranBaju,Peralatan
P228,GantunganBaju,Peralatan
P229,JepitJemuran,Peralatan
P230,SelotipBening,Peralatan
P231,AyamKaleng,Makanan
P232,TunaSarden,Makanan
P233,AgarAgarBubuk,Makanan
P234,GelatingBubuk,Makanan
P235,RaginanRoti,Makanan
P236,BakingSoda,Makanan
P237,VaniliBubuk,Makanan
P238,CoklatBubuk,Makanan
P239,SusuKental,Makanan
P240,KrimKopi,Makanan
P241,KeripikTalas,Snack
P242,KeripikApel,Snack
P243,KeripikJamur,Snack
P244,KeripikTempe,Snack
P245,KerupukIkan,Snack
P246,Rempeyek,Snack
P247,KeripikBayam,Snack
P248,KeripikWortel,Snack
P249,ManisanPala,Snack
P250,DodolGarut,Snack
P251,SusuAlmond,Minuman
P252,SusuOat,Minuman
P253,AirKelapa,Minuman
P254,KopiTubruk,Minuman
P255,TehHijau,Minuman
P256,TehMelati,Minuman
P257,TehOolong,Minuman
P258,WedangJahe,Minuman
P259,BandrekInstan,Minuman
P260,SekotengInstan,Minuman
P261,MinumanCokelat,Minuman
P262,JusJeruk,Minuman
P263,JusMangga,Minuman
P264,JusJambu,Minuman
P265,NektarBuah,Minuman
P266,GaramLaut,Bumbu
P267,GaramBeryodium,Bumbu
P268,BumbuGadoGado,Bumbu
P269,BumbuKare,Bumbu
P270,BumbuTomYam,Bumbu
P271,SausKedelai,Bumbu
P272,SausPedas,Bumbu
P273,MisoInstan,Bumbu
P274,BumbuNasiKuning,Bumbu
P275,BumbuSopIga,Bumbu
P276,DeterjenPodsCuci,Kebersihan
P277,PelicSepatu,Kebersihan
P278,PembersiKarpet,Kebersihan
P279,PewangiPakaian,Kebersihan
P280,SabunCuciMobil,Kebersihan
P281,TepungHunkue,Sembako
P282,SagunMutiara,Sembako
P283,AsamJawa,Sembako
P284,KemiriBulat,Sembako
P285,DaunPandan,Sembako
P286,NuggetIkan,Frozen
P287,TempeBeku,Frozen
P288,TahuBeku,Frozen
P289,KulitLumpia,Frozen
P290,RotiPizza,Frozen
P291,PopokDewasa,Kesehatan
P292,KrimAntiNyeri,Kesehatan
P293,ObatAlergi,Kesehatan
P294,ObatCacing,Kesehatan
P295,MinyakIkanKapsul,Kesehatan
P296,LampuLED,Peralatan
P297,BateraiAA,Peralatan
P298,BateraiAAA,Peralatan
P299,StekerColokan,Peralatan
P300,KabelRoll,Peralatan
